{
  "total_weeks": 34,
  "average_weekly_distance": 55.232014705882364,
  "max_weekly_distance": 139.4073,
  "average_weekly_time": 354.96519607843135,
  "average_weekly_activities": 7.529411764705882,
  "total_elevation": 21644.699999999997,
  "average_speed": 0.1572890138630767
}